cohort,course,id
July 2021,Chapter 1,212
July 2021,Chapter 2,213
July 2021,Chapter 3,214
July 2021,Chapter 4,215
July 2021,Chapter 5,216
July 2021,Chapter 6,217
July 2021,Chapter 7,218
July 2021,Chapter 8,219
July 2021,Chapter 9,220
July 2021,Chapter 10,221
July 2021,Chapter 11,222
July 2021,Chapter 12,223
July 2021,Chapter 13,224
July 2021,Chapter 14,225
September 2021,Chapter 1,246
September 2021,Chapter 2,247
September 2021,Chapter 3,248
September 2021,Chapter 4,249
September 2021,Chapter 5,250
September 2021,Chapter 6,251
September 2021,Chapter 7,252
September 2021,Chapter 8,253
September 2021,Chapter 9,254
September 2021,Chapter 10,255
September 2021,Chapter 11,256
September 2021,Chapter 12,257
September 2021,Chapter 13,258
September 2021,Chapter 14,259
October 2021,Chapter 1,263
October 2021,Chapter 2,264
October 2021,Chapter 3,265
October 2021,Chapter 4,266
October 2021,Chapter 5,267
October 2021,Chapter 6,268
October 2021,Chapter 7,269
October 2021,Chapter 8,270
October 2021,Chapter 9,271
October 2021,Chapter 10,272
October 2021,Chapter 11,273
October 2021,Chapter 12,274
October 2021,Chapter 13,275
October 2021,Chapter 14,276
November 2021,Chapter 1,280
November 2021,Chapter 2,281
November 2021,Chapter 3,282
November 2021,Chapter 4,283
November 2021,Chapter 5,284
November 2021,Chapter 6,285
November 2021,Chapter 7,286
November 2021,Chapter 8,287
November 2021,Chapter 9,288
November 2021,Chapter 10,289
November 2021,Chapter 11,290
November 2021,Chapter 12,291
November 2021,Chapter 13,292
November 2021,Chapter 14,293
December 2021,Chapter 1,297
December 2021,Chapter 2,298
December 2021,Chapter 3,299
December 2021,Chapter 4,300
December 2021,Chapter 5,301
December 2021,Chapter 6,302
December 2021,Chapter 7,303
December 2021,Chapter 8,304
December 2021,Chapter 9,305
December 2021,Chapter 10,306
December 2021,Chapter 11,307
December 2021,Chapter 12,308
December 2021,Chapter 13,309
December 2021,Chapter 14,310
